squad_url,player_url
https://www.espncricinfo.com/series/icc-men-s-t20-world-cup-2021-22-1267897/namibia-squad-1277169/series-squads,https://www.espncricinfo.com/player/gerhard-erasmus-519070
https://www.espncricinfo.com/series/icc-men-s-t20-world-cup-2021-22-1267897/namibia-squad-1277169/series-squads,https://www.espncricinfo.com/player/stephan-baard-437927
https://www.espncricinfo.com/series/icc-men-s-t20-world-cup-2021-22-1267897/namibia-squad-1277169/series-squads,https://www.espncricinfo.com/player/karl-birkenstock-1057456
https://www.espncricinfo.com/series/icc-men-s-t20-world-cup-2021-22-1267897/namibia-squad-1277169/series-squads,https://www.espncricinfo.com/player/michau-du-preez-577345
https://www.espncricinfo.com/series/icc-men-s-t20-world-cup-2021-22-1267897/namibia-squad-1277169/series-squads,https://www.espncricinfo.com/player/jan-frylinck-482478
https://www.espncricinfo.com/series/icc-men-s-t20-world-cup-2021-22-1267897/namibia-squad-1277169/series-squads,https://www.espncricinfo.com/player/zane-green-596664
https://www.espncricinfo.com/series/icc-men-s-t20-world-cup-2021-22-1267897/namibia-squad-1277169/series-squads,https://www.espncricinfo.com/player/jan-nicol-loftie-eaton-1071473
https://www.espncricinfo.com/series/icc-men-s-t20-world-cup-2021-22-1267897/namibia-squad-1277169/series-squads,https://www.espncricinfo.com/player/bernard-scholtz-330223
https://www.espncricinfo.com/series/icc-men-s-t20-world-cup-2021-22-1267897/namibia-squad-1277169/series-squads,https://www.espncricinfo.com/player/ben-shikongo-1069820
https://www.espncricinfo.com/series/icc-men-s-t20-world-cup-2021-22-1267897/namibia-squad-1277169/series-squads,https://www.espncricinfo.com/player/jj-smit-553821
https://www.espncricinfo.com/series/icc-men-s-t20-world-cup-2021-22-1267897/namibia-squad-1277169/series-squads,https://www.espncricinfo.com/player/ruben-trumpelmann-698317
https://www.espncricinfo.com/series/icc-men-s-t20-world-cup-2021-22-1267897/namibia-squad-1277169/series-squads,https://www.espncricinfo.com/player/michael-van-lingen-833777
https://www.espncricinfo.com/series/icc-men-s-t20-world-cup-2021-22-1267897/namibia-squad-1277169/series-squads,https://www.espncricinfo.com/player/david-wiese-221140
https://www.espncricinfo.com/series/icc-men-s-t20-world-cup-2021-22-1267897/namibia-squad-1277169/series-squads,https://www.espncricinfo.com/player/craig-williams-316102
https://www.espncricinfo.com/series/icc-men-s-t20-world-cup-2021-22-1267897/namibia-squad-1277169/series-squads,https://www.espncricinfo.com/player/pikky-ya-france-308410
https://www.espncricinfo.com/series/icc-men-s-t20-world-cup-2021-22-1267897/netherlands-squad-1277265/series-squads,https://www.espncricinfo.com/player/pieter-seelaar-208657
https://www.espncricinfo.com/series/icc-men-s-t20-world-cup-2021-22-1267897/netherlands-squad-1277265/series-squads,https://www.espncricinfo.com/player/colin-ackermann-379774
https://www.espncricinfo.com/series/icc-men-s-t20-world-cup-2021-22-1267897/netherlands-squad-1277265/series-squads,https://www.espncricinfo.com/player/philippe-boissevain-1036197
https://www.espncricinfo.com/series/icc-men-s-t20-world-cup-2021-22-1267897/netherlands-squad-1277265/series-squads,https://www.espncricinfo.com/player/ben-cooper-470699
https://www.espncricinfo.com/series/icc-men-s-t20-world-cup-2021-22-1267897/netherlands-squad-1277265/series-squads,https://www.espncricinfo.com/player/bas-de-leede-1036191
https://www.espncricinfo.com/series/icc-men-s-t20-world-cup-2021-22-1267897/netherlands-squad-1277265/series-squads,https://www.espncricinfo.com/player/scott-edwards-1127317
https://www.espncricinfo.com/series/icc-men-s-t20-world-cup-2021-22-1267897/netherlands-squad-1277265/series-squads,https://www.espncricinfo.com/player/brandon-glover-595419
https://www.espncricinfo.com/series/icc-men-s-t20-world-cup-2021-22-1267897/netherlands-squad-1277265/series-squads,https://www.espncricinfo.com/player/fred-klaassen-1104703
https://www.espncricinfo.com/series/icc-men-s-t20-world-cup-2021-22-1267897/netherlands-squad-1277265/series-squads,https://www.espncricinfo.com/player/stephan-myburgh-233712
https://www.espncricinfo.com/series/icc-men-s-t20-world-cup-2021-22-1267897/netherlands-squad-1277265/series-squads,https://www.espncricinfo.com/player/max-o-dowd-643197
https://www.espncricinfo.com/series/icc-men-s-t20-world-cup-2021-22-1267897/netherlands-squad-1277265/series-squads,https://www.espncricinfo.com/player/ryan-ten-doeschate-47660
https://www.espncricinfo.com/series/icc-men-s-t20-world-cup-2021-22-1267897/netherlands-squad-1277265/series-squads,https://www.espncricinfo.com/player/logan-van-beek-440522
https://www.espncricinfo.com/series/icc-men-s-t20-world-cup-2021-22-1267897/netherlands-squad-1277265/series-squads,https://www.espncricinfo.com/player/timm-van-der-gugten-333782
https://www.espncricinfo.com/series/icc-men-s-t20-world-cup-2021-22-1267897/netherlands-squad-1277265/series-squads,https://www.espncricinfo.com/player/roelof-van-der-merwe-47850
https://www.espncricinfo.com/series/icc-men-s-t20-world-cup-2021-22-1267897/netherlands-squad-1277265/series-squads,https://www.espncricinfo.com/player/paul-van-meekeren-348109
https://www.espncricinfo.com/series/icc-men-s-t20-world-cup-2021-22-1267897/sri-lanka-squad-1277261/series-squads,https://www.espncricinfo.com/player/dasun-shanaka-437316
https://www.espncricinfo.com/series/icc-men-s-t20-world-cup-2021-22-1267897/sri-lanka-squad-1277261/series-squads,https://www.espncricinfo.com/player/charith-asalanka-784367
https://www.espncricinfo.com/series/icc-men-s-t20-world-cup-2021-22-1267897/sri-lanka-squad-1277261/series-squads,https://www.espncricinfo.com/player/dushmantha-chameera-552152
https://www.espncricinfo.com/series/icc-men-s-t20-world-cup-2021-22-1267897/sri-lanka-squad-1277261/series-squads,https://www.espncricinfo.com/player/dinesh-chandimal-300628
https://www.espncricinfo.com/series/icc-men-s-t20-world-cup-2021-22-1267897/sri-lanka-squad-1277261/series-squads,https://www.espncricinfo.com/player/akila-dananjaya-574178
https://www.espncricinfo.com/series/icc-men-s-t20-world-cup-2021-22-1267897/sri-lanka-squad-1277261/series-squads,https://www.espncricinfo.com/player/wanindu-hasaranga-de-silva-784379
https://www.espncricinfo.com/series/icc-men-s-t20-world-cup-2021-22-1267897/sri-lanka-squad-1277261/series-squads,https://www.espncricinfo.com/player/dhananjaya-de-silva-465793
https://www.espncricinfo.com/series/icc-men-s-t20-world-cup-2021-22-1267897/sri-lanka-squad-1277261/series-squads,https://www.espncricinfo.com/player/binura-fernando-629080
https://www.espncricinfo.com/series/icc-men-s-t20-world-cup-2021-22-1267897/sri-lanka-squad-1277261/series-squads,https://www.espncricinfo.com/player/avishka-fernando-784369
https://www.espncricinfo.com/series/icc-men-s-t20-world-cup-2021-22-1267897/sri-lanka-squad-1277261/series-squads,https://www.espncricinfo.com/player/chamika-karunaratne-623695
https://www.espncricinfo.com/series/icc-men-s-t20-world-cup-2021-22-1267897/sri-lanka-squad-1277261/series-squads,https://www.espncricinfo.com/player/lahiru-kumara-784375
https://www.espncricinfo.com/series/icc-men-s-t20-world-cup-2021-22-1267897/sri-lanka-squad-1277261/series-squads,https://www.espncricinfo.com/player/pathum-nissanka-1028655
https://www.espncricinfo.com/series/icc-men-s-t20-world-cup-2021-22-1267897/sri-lanka-squad-1277261/series-squads,https://www.espncricinfo.com/player/kusal-perera-300631
https://www.espncricinfo.com/series/icc-men-s-t20-world-cup-2021-22-1267897/sri-lanka-squad-1277261/series-squads,https://www.espncricinfo.com/player/bhanuka-rajapaksa-342619
https://www.espncricinfo.com/series/icc-men-s-t20-world-cup-2021-22-1267897/sri-lanka-squad-1277261/series-squads,https://www.espncricinfo.com/player/maheesh-theekshana-1138316
https://www.espncricinfo.com/series/icc-men-s-t20-world-cup-2021-22-1267897/afghanistan-squad-1277123/series-squads,https://www.espncricinfo.com/player/mohammad-nabi-25913
https://www.espncricinfo.com/series/icc-men-s-t20-world-cup-2021-22-1267897/afghanistan-squad-1277123/series-squads,https://www.espncricinfo.com/player/asghar-afghan-320652
https://www.espncricinfo.com/series/icc-men-s-t20-world-cup-2021-22-1267897/afghanistan-squad-1277123/series-squads,https://www.espncricinfo.com/player/fareed-ahmad-568136
https://www.espncricinfo.com/series/icc-men-s-t20-world-cup-2021-22-1267897/afghanistan-squad-1277123/series-squads,https://www.espncricinfo.com/player/gulbadin-naib-352048
https://www.espncricinfo.com/series/icc-men-s-t20-world-cup-2021-22-1267897/afghanistan-squad-1277123/series-squads,https://www.espncricinfo.com/player/hamid-hassan-311427
https://www.espncricinfo.com/series/icc-men-s-t20-world-cup-2021-22-1267897/afghanistan-squad-1277123/series-squads,https://www.espncricinfo.com/player/hashmatullah-shahidi-440970
https://www.espncricinfo.com/series/icc-men-s-t20-world-cup-2021-22-1267897/afghanistan-squad-1277123/series-squads,https://www.espncricinfo.com/player/hazratullah-zazai-793457
https://www.espncricinfo.com/series/icc-men-s-t20-world-cup-2021-22-1267897/afghanistan-squad-1277123/series-squads,https://www.espncricinfo.com/player/karim-janat-793467
https://www.espncricinfo.com/series/icc-men-s-t20-world-cup-2021-22-1267897/afghanistan-squad-1277123/series-squads,https://www.espncricinfo.com/player/mohammad-shahzad-419873
https://www.espncricinfo.com/series/icc-men-s-t20-world-cup-2021-22-1267897/afghanistan-squad-1277123/series-squads,https://www.espncricinfo.com/player/mujeeb-ur-rahman-974109
https://www.espncricinfo.com/series/icc-men-s-t20-world-cup-2021-22-1267897/afghanistan-squad-1277123/series-squads,https://www.espncricinfo.com/player/najibullah-zadran-524049
https://www.espncricinfo.com/series/icc-men-s-t20-world-cup-2021-22-1267897/afghanistan-squad-1277123/series-squads,https://www.espncricinfo.com/player/naveen-ul-haq-793447
https://www.espncricinfo.com/series/icc-men-s-t20-world-cup-2021-22-1267897/afghanistan-squad-1277123/series-squads,https://www.espncricinfo.com/player/rahmanullah-gurbaz-974087
https://www.espncricinfo.com/series/icc-men-s-t20-world-cup-2021-22-1267897/afghanistan-squad-1277123/series-squads,https://www.espncricinfo.com/player/rashid-khan-793463
https://www.espncricinfo.com/series/icc-men-s-t20-world-cup-2021-22-1267897/afghanistan-squad-1277123/series-squads,https://www.espncricinfo.com/player/usman-ghani-711559
https://www.espncricinfo.com/series/icc-men-s-t20-world-cup-2021-22-1267897/bangladesh-squad-1276977/series-squads,https://www.espncricinfo.com/player/mahmudullah-56025
https://www.espncricinfo.com/series/icc-men-s-t20-world-cup-2021-22-1267897/bangladesh-squad-1276977/series-squads,https://www.espncricinfo.com/player/afif-hossain-935995
https://www.espncricinfo.com/series/icc-men-s-t20-world-cup-2021-22-1267897/bangladesh-squad-1276977/series-squads,https://www.espncricinfo.com/player/liton-das-536936
https://www.espncricinfo.com/series/icc-men-s-t20-world-cup-2021-22-1267897/bangladesh-squad-1276977/series-squads,https://www.espncricinfo.com/player/mahedi-hasan-833087
https://www.espncricinfo.com/series/icc-men-s-t20-world-cup-2021-22-1267897/bangladesh-squad-1276977/series-squads,https://www.espncricinfo.com/player/mohammad-naim-990081
https://www.espncricinfo.com/series/icc-men-s-t20-world-cup-2021-22-1267897/bangladesh-squad-1276977/series-squads,https://www.espncricinfo.com/player/mohammad-saifuddin-629070
https://www.espncricinfo.com/series/icc-men-s-t20-world-cup-2021-22-1267897/bangladesh-squad-1276977/series-squads,https://www.espncricinfo.com/player/mushfiqur-rahim-56029
https://www.espncricinfo.com/series/icc-men-s-t20-world-cup-2021-22-1267897/bangladesh-squad-1276977/series-squads,https://www.espncricinfo.com/player/mustafizur-rahman-330902
https://www.espncricinfo.com/series/icc-men-s-t20-world-cup-2021-22-1267897/bangladesh-squad-1276977/series-squads,https://www.espncricinfo.com/player/nasum-ahmed-348049
https://www.espncricinfo.com/series/icc-men-s-t20-world-cup-2021-22-1267897/bangladesh-squad-1276977/series-squads,https://www.espncricinfo.com/player/nurul-hasan-410765
https://www.espncricinfo.com/series/icc-men-s-t20-world-cup-2021-22-1267897/bangladesh-squad-1276977/series-squads,https://www.espncricinfo.com/player/shakib-al-hasan-56143
https://www.espncricinfo.com/series/icc-men-s-t20-world-cup-2021-22-1267897/bangladesh-squad-1276977/series-squads,https://www.espncricinfo.com/player/shamim-hossain-1161044
https://www.espncricinfo.com/series/icc-men-s-t20-world-cup-2021-22-1267897/bangladesh-squad-1276977/series-squads,https://www.espncricinfo.com/player/soumya-sarkar-436677
https://www.espncricinfo.com/series/icc-men-s-t20-world-cup-2021-22-1267897/bangladesh-squad-1276977/series-squads,https://www.espncricinfo.com/player/taskin-ahmed-538506
https://www.espncricinfo.com/series/icc-men-s-t20-world-cup-2021-22-1267897/england-squad-1276994/series-squads,https://www.espncricinfo.com/player/eoin-morgan-24598
https://www.espncricinfo.com/series/icc-men-s-t20-world-cup-2021-22-1267897/england-squad-1276994/series-squads,https://www.espncricinfo.com/player/moeen-ali-8917
https://www.espncricinfo.com/series/icc-men-s-t20-world-cup-2021-22-1267897/england-squad-1276994/series-squads,https://www.espncricinfo.com/player/jonny-bairstow-297433
https://www.espncricinfo.com/series/icc-men-s-t20-world-cup-2021-22-1267897/england-squad-1276994/series-squads,https://www.espncricinfo.com/player/sam-billings-297628
https://www.espncricinfo.com/series/icc-men-s-t20-world-cup-2021-22-1267897/england-squad-1276994/series-squads,https://www.espncricinfo.com/player/jos-buttler-308967
https://www.espncricinfo.com/series/icc-men-s-t20-world-cup-2021-22-1267897/england-squad-1276994/series-squads,https://www.espncricinfo.com/player/tom-curran-550235
https://www.espncricinfo.com/series/icc-men-s-t20-world-cup-2021-22-1267897/england-squad-1276994/series-squads,https://www.espncricinfo.com/player/chris-jordan-288992
https://www.espncricinfo.com/series/icc-men-s-t20-world-cup-2021-22-1267897/england-squad-1276994/series-squads,https://www.espncricinfo.com/player/liam-livingstone-403902
https://www.espncricinfo.com/series/icc-men-s-t20-world-cup-2021-22-1267897/england-squad-1276994/series-squads,https://www.espncricinfo.com/player/dawid-malan-236489
https://www.espncricinfo.com/series/icc-men-s-t20-world-cup-2021-22-1267897/england-squad-1276994/series-squads,https://www.espncricinfo.com/player/tymal-mills-459257
https://www.espncricinfo.com/series/icc-men-s-t20-world-cup-2021-22-1267897/england-squad-1276994/series-squads,https://www.espncricinfo.com/player/adil-rashid-244497
https://www.espncricinfo.com/series/icc-men-s-t20-world-cup-2021-22-1267897/england-squad-1276994/series-squads,https://www.espncricinfo.com/player/jason-roy-298438
https://www.espncricinfo.com/series/icc-men-s-t20-world-cup-2021-22-1267897/england-squad-1276994/series-squads,https://www.espncricinfo.com/player/david-willey-308251
https://www.espncricinfo.com/series/icc-men-s-t20-world-cup-2021-22-1267897/england-squad-1276994/series-squads,https://www.espncricinfo.com/player/chris-woakes-247235
https://www.espncricinfo.com/series/icc-men-s-t20-world-cup-2021-22-1267897/england-squad-1276994/series-squads,https://www.espncricinfo.com/player/mark-wood-351588
https://www.espncricinfo.com/series/icc-men-s-t20-world-cup-2021-22-1267897/england-squad-1276994/series-squads,https://www.espncricinfo.com/player/sam-curran-662973
https://www.espncricinfo.com/series/icc-men-s-t20-world-cup-2021-22-1267897/ireland-squad-1277052/series-squads,https://www.espncricinfo.com/player/andy-balbirnie-303423
https://www.espncricinfo.com/series/icc-men-s-t20-world-cup-2021-22-1267897/ireland-squad-1277052/series-squads,https://www.espncricinfo.com/player/mark-adair-526441
https://www.espncricinfo.com/series/icc-men-s-t20-world-cup-2021-22-1267897/ireland-squad-1277052/series-squads,https://www.espncricinfo.com/player/curtis-campher-595921
https://www.espncricinfo.com/series/icc-men-s-t20-world-cup-2021-22-1267897/ireland-squad-1277052/series-squads,https://www.espncricinfo.com/player/gareth-delany-1099379
https://www.espncricinfo.com/series/icc-men-s-t20-world-cup-2021-22-1267897/ireland-squad-1277052/series-squads,https://www.espncricinfo.com/player/george-dockrell-348034
https://www.espncricinfo.com/series/icc-men-s-t20-world-cup-2021-22-1267897/ireland-squad-1277052/series-squads,https://www.espncricinfo.com/player/shane-getkate-303508
https://www.espncricinfo.com/series/icc-men-s-t20-world-cup-2021-22-1267897/ireland-squad-1277052/series-squads,https://www.espncricinfo.com/player/graham-kennedy-1049265
https://www.espncricinfo.com/series/icc-men-s-t20-world-cup-2021-22-1267897/ireland-squad-1277052/series-squads,https://www.espncricinfo.com/player/josh-little-928067
https://www.espncricinfo.com/series/icc-men-s-t20-world-cup-2021-22-1267897/ireland-squad-1277052/series-squads,https://www.espncricinfo.com/player/andy-mcbrine-417381
https://www.espncricinfo.com/series/icc-men-s-t20-world-cup-2021-22-1267897/ireland-squad-1277052/series-squads,https://www.espncricinfo.com/player/barry-mccarthy-348059
https://www.espncricinfo.com/series/icc-men-s-t20-world-cup-2021-22-1267897/ireland-squad-1277052/series-squads,https://www.espncricinfo.com/player/kevin-o-brien-24605
https://www.espncricinfo.com/series/icc-men-s-t20-world-cup-2021-22-1267897/ireland-squad-1277052/series-squads,https://www.espncricinfo.com/player/neil-rock-1112535
https://www.espncricinfo.com/series/icc-men-s-t20-world-cup-2021-22-1267897/ireland-squad-1277052/series-squads,https://www.espncricinfo.com/player/simi-singh-1005257
https://www.espncricinfo.com/series/icc-men-s-t20-world-cup-2021-22-1267897/ireland-squad-1277052/series-squads,https://www.espncricinfo.com/player/paul-stirling-303427
https://www.espncricinfo.com/series/icc-men-s-t20-world-cup-2021-22-1267897/ireland-squad-1277052/series-squads,https://www.espncricinfo.com/player/harry-tector-961407
https://www.espncricinfo.com/series/icc-men-s-t20-world-cup-2021-22-1267897/scotland-squad-1277118/series-squads,https://www.espncricinfo.com/player/kyle-coetzer-25446
https://www.espncricinfo.com/series/icc-men-s-t20-world-cup-2021-22-1267897/scotland-squad-1277118/series-squads,https://www.espncricinfo.com/player/richie-berrington-25490
https://www.espncricinfo.com/series/icc-men-s-t20-world-cup-2021-22-1267897/scotland-squad-1277118/series-squads,https://www.espncricinfo.com/player/dylan-budge-764321
https://www.espncricinfo.com/series/icc-men-s-t20-world-cup-2021-22-1267897/scotland-squad-1277118/series-squads,https://www.espncricinfo.com/player/matthew-cross-417268
https://www.espncricinfo.com/series/icc-men-s-t20-world-cup-2021-22-1267897/scotland-squad-1277118/series-squads,https://www.espncricinfo.com/player/josh-davey-407265
https://www.espncricinfo.com/series/icc-men-s-t20-world-cup-2021-22-1267897/scotland-squad-1277118/series-squads,https://www.espncricinfo.com/player/alasdair-evans-399259
https://www.espncricinfo.com/series/icc-men-s-t20-world-cup-2021-22-1267897/scotland-squad-1277118/series-squads,https://www.espncricinfo.com/player/chris-greaves-873199
https://www.espncricinfo.com/series/icc-men-s-t20-world-cup-2021-22-1267897/scotland-squad-1277118/series-squads,https://www.espncricinfo.com/player/hamza-tahir-751151
https://www.espncricinfo.com/series/icc-men-s-t20-world-cup-2021-22-1267897/scotland-squad-1277118/series-squads,https://www.espncricinfo.com/player/michael-leask-414966
https://www.espncricinfo.com/series/icc-men-s-t20-world-cup-2021-22-1267897/scotland-squad-1277118/series-squads,https://www.espncricinfo.com/player/calum-macleod-232435
https://www.espncricinfo.com/series/icc-men-s-t20-world-cup-2021-22-1267897/scotland-squad-1277118/series-squads,https://www.espncricinfo.com/player/george-munsey-671805
https://www.espncricinfo.com/series/icc-men-s-t20-world-cup-2021-22-1267897/scotland-squad-1277118/series-squads,https://www.espncricinfo.com/player/safyaan-sharif-414970
https://www.espncricinfo.com/series/icc-men-s-t20-world-cup-2021-22-1267897/scotland-squad-1277118/series-squads,https://www.espncricinfo.com/player/craig-wallace-414971
https://www.espncricinfo.com/series/icc-men-s-t20-world-cup-2021-22-1267897/scotland-squad-1277118/series-squads,https://www.espncricinfo.com/player/mark-watt-659081
https://www.espncricinfo.com/series/icc-men-s-t20-world-cup-2021-22-1267897/scotland-squad-1277118/series-squads,https://www.espncricinfo.com/player/brad-wheal-807535
https://www.espncricinfo.com/series/icc-men-s-t20-world-cup-2021-22-1267897/scotland-squad-1277118/series-squads,https://www.espncricinfo.com/player/ollie-hairs-414973
https://www.espncricinfo.com/series/icc-men-s-t20-world-cup-2021-22-1267897/south-africa-squad-1277047/series-squads,https://www.espncricinfo.com/player/temba-bavuma-372116
https://www.espncricinfo.com/series/icc-men-s-t20-world-cup-2021-22-1267897/south-africa-squad-1277047/series-squads,https://www.espncricinfo.com/player/quinton-de-kock-379143
https://www.espncricinfo.com/series/icc-men-s-t20-world-cup-2021-22-1267897/south-africa-squad-1277047/series-squads,https://www.espncricinfo.com/player/bjorn-fortuin-553249
https://www.espncricinfo.com/series/icc-men-s-t20-world-cup-2021-22-1267897/south-africa-squad-1277047/series-squads,https://www.espncricinfo.com/player/reeza-hendricks-269280
https://www.espncricinfo.com/series/icc-men-s-t20-world-cup-2021-22-1267897/south-africa-squad-1277047/series-squads,https://www.espncricinfo.com/player/heinrich-klaasen-436757
https://www.espncricinfo.com/series/icc-men-s-t20-world-cup-2021-22-1267897/south-africa-squad-1277047/series-squads,https://www.espncricinfo.com/player/keshav-maharaj-267724
https://www.espncricinfo.com/series/icc-men-s-t20-world-cup-2021-22-1267897/south-africa-squad-1277047/series-squads,https://www.espncricinfo.com/player/aiden-markram-600498
https://www.espncricinfo.com/series/icc-men-s-t20-world-cup-2021-22-1267897/south-africa-squad-1277047/series-squads,https://www.espncricinfo.com/player/david-miller-321777
https://www.espncricinfo.com/series/icc-men-s-t20-world-cup-2021-22-1267897/south-africa-squad-1277047/series-squads,https://www.espncricinfo.com/player/wiaan-mulder-698189
https://www.espncricinfo.com/series/icc-men-s-t20-world-cup-2021-22-1267897/south-africa-squad-1277047/series-squads,https://www.espncricinfo.com/player/lungi-ngidi-542023
https://www.espncricinfo.com/series/icc-men-s-t20-world-cup-2021-22-1267897/south-africa-squad-1277047/series-squads,https://www.espncricinfo.com/player/anrich-nortje-481979
https://www.espncricinfo.com/series/icc-men-s-t20-world-cup-2021-22-1267897/south-africa-squad-1277047/series-squads,https://www.espncricinfo.com/player/dwaine-pretorius-327830
https://www.espncricinfo.com/series/icc-men-s-t20-world-cup-2021-22-1267897/south-africa-squad-1277047/series-squads,https://www.espncricinfo.com/player/kagiso-rabada-550215
https://www.espncricinfo.com/series/icc-men-s-t20-world-cup-2021-22-1267897/south-africa-squad-1277047/series-squads,https://www.espncricinfo.com/player/tabraiz-shamsi-379145
https://www.espncricinfo.com/series/icc-men-s-t20-world-cup-2021-22-1267897/south-africa-squad-1277047/series-squads,https://www.espncricinfo.com/player/rassie-van-der-dussen-337790
https://www.espncricinfo.com/series/icc-men-s-t20-world-cup-2021-22-1267897/west-indies-squad-1277120/series-squads,https://www.espncricinfo.com/player/kieron-pollard-230559
https://www.espncricinfo.com/series/icc-men-s-t20-world-cup-2021-22-1267897/west-indies-squad-1277120/series-squads,https://www.espncricinfo.com/player/nicholas-pooran-604302
https://www.espncricinfo.com/series/icc-men-s-t20-world-cup-2021-22-1267897/west-indies-squad-1277120/series-squads,https://www.espncricinfo.com/player/fabian-allen-670013
https://www.espncricinfo.com/series/icc-men-s-t20-world-cup-2021-22-1267897/west-indies-squad-1277120/series-squads,https://www.espncricinfo.com/player/dwayne-bravo-51439
https://www.espncricinfo.com/series/icc-men-s-t20-world-cup-2021-22-1267897/west-indies-squad-1277120/series-squads,https://www.espncricinfo.com/player/roston-chase-391832
https://www.espncricinfo.com/series/icc-men-s-t20-world-cup-2021-22-1267897/west-indies-squad-1277120/series-squads,https://www.espncricinfo.com/player/andre-fletcher-51862
https://www.espncricinfo.com/series/icc-men-s-t20-world-cup-2021-22-1267897/west-indies-squad-1277120/series-squads,https://www.espncricinfo.com/player/chris-gayle-51880
https://www.espncricinfo.com/series/icc-men-s-t20-world-cup-2021-22-1267897/west-indies-squad-1277120/series-squads,https://www.espncricinfo.com/player/shimron-hetmyer-670025
https://www.espncricinfo.com/series/icc-men-s-t20-world-cup-2021-22-1267897/west-indies-squad-1277120/series-squads,https://www.espncricinfo.com/player/evin-lewis-431901
https://www.espncricinfo.com/series/icc-men-s-t20-world-cup-2021-22-1267897/west-indies-squad-1277120/series-squads,https://www.espncricinfo.com/player/obed-mccoy-906783
https://www.espncricinfo.com/series/icc-men-s-t20-world-cup-2021-22-1267897/west-indies-squad-1277120/series-squads,https://www.espncricinfo.com/player/ravi-rampaul-52912
https://www.espncricinfo.com/series/icc-men-s-t20-world-cup-2021-22-1267897/west-indies-squad-1277120/series-squads,https://www.espncricinfo.com/player/andre-russell-276298
https://www.espncricinfo.com/series/icc-men-s-t20-world-cup-2021-22-1267897/west-indies-squad-1277120/series-squads,https://www.espncricinfo.com/player/lendl-simmons-53116
https://www.espncricinfo.com/series/icc-men-s-t20-world-cup-2021-22-1267897/west-indies-squad-1277120/series-squads,https://www.espncricinfo.com/player/oshane-thomas-914567
https://www.espncricinfo.com/series/icc-men-s-t20-world-cup-2021-22-1267897/west-indies-squad-1277120/series-squads,https://www.espncricinfo.com/player/hayden-walsh-443263
https://www.espncricinfo.com/series/icc-men-s-t20-world-cup-2021-22-1267897/india-squad-1276930/series-squads,https://www.espncricinfo.com/player/virat-kohli-253802
https://www.espncricinfo.com/series/icc-men-s-t20-world-cup-2021-22-1267897/india-squad-1276930/series-squads,https://www.espncricinfo.com/player/ravichandran-ashwin-26421
https://www.espncricinfo.com/series/icc-men-s-t20-world-cup-2021-22-1267897/india-squad-1276930/series-squads,https://www.espncricinfo.com/player/jasprit-bumrah-625383
https://www.espncricinfo.com/series/icc-men-s-t20-world-cup-2021-22-1267897/india-squad-1276930/series-squads,https://www.espncricinfo.com/player/rahul-chahar-1064812
https://www.espncricinfo.com/series/icc-men-s-t20-world-cup-2021-22-1267897/india-squad-1276930/series-squads,https://www.espncricinfo.com/player/ishan-kishan-720471
https://www.espncricinfo.com/series/icc-men-s-t20-world-cup-2021-22-1267897/india-squad-1276930/series-squads,https://www.espncricinfo.com/player/ravindra-jadeja-234675
https://www.espncricinfo.com/series/icc-men-s-t20-world-cup-2021-22-1267897/india-squad-1276930/series-squads,https://www.espncricinfo.com/player/bhuvneshwar-kumar-326016
https://www.espncricinfo.com/series/icc-men-s-t20-world-cup-2021-22-1267897/india-squad-1276930/series-squads,https://www.espncricinfo.com/player/mohammed-shami-481896
https://www.espncricinfo.com/series/icc-men-s-t20-world-cup-2021-22-1267897/india-squad-1276930/series-squads,https://www.espncricinfo.com/player/hardik-pandya-625371
https://www.espncricinfo.com/series/icc-men-s-t20-world-cup-2021-22-1267897/india-squad-1276930/series-squads,https://www.espncricinfo.com/player/rishabh-pant-931581
https://www.espncricinfo.com/series/icc-men-s-t20-world-cup-2021-22-1267897/india-squad-1276930/series-squads,https://www.espncricinfo.com/player/kl-rahul-422108
https://www.espncricinfo.com/series/icc-men-s-t20-world-cup-2021-22-1267897/india-squad-1276930/series-squads,https://www.espncricinfo.com/player/rohit-sharma-34102
https://www.espncricinfo.com/series/icc-men-s-t20-world-cup-2021-22-1267897/india-squad-1276930/series-squads,https://www.espncricinfo.com/player/shardul-thakur-475281
https://www.espncricinfo.com/series/icc-men-s-t20-world-cup-2021-22-1267897/india-squad-1276930/series-squads,https://www.espncricinfo.com/player/varun-chakravarthy-1108375
https://www.espncricinfo.com/series/icc-men-s-t20-world-cup-2021-22-1267897/india-squad-1276930/series-squads,https://www.espncricinfo.com/player/suryakumar-yadav-446507
https://www.espncricinfo.com/series/icc-men-s-t20-world-cup-2021-22-1267897/oman-squad-1276928/series-squads,https://www.espncricinfo.com/player/zeeshan-maqsood-585083
https://www.espncricinfo.com/series/icc-men-s-t20-world-cup-2021-22-1267897/oman-squad-1276928/series-squads,https://www.espncricinfo.com/player/aqib-ilyas-940593
https://www.espncricinfo.com/series/icc-men-s-t20-world-cup-2021-22-1267897/oman-squad-1276928/series-squads,https://www.espncricinfo.com/player/ayaan-khan-956319
https://www.espncricinfo.com/series/icc-men-s-t20-world-cup-2021-22-1267897/oman-squad-1276928/series-squads,https://www.espncricinfo.com/player/bilal-khan-937953
https://www.espncricinfo.com/series/icc-men-s-t20-world-cup-2021-22-1267897/oman-squad-1276928/series-squads,https://www.espncricinfo.com/player/nestor-dhamba-1096833
https://www.espncricinfo.com/series/icc-men-s-t20-world-cup-2021-22-1267897/oman-squad-1276928/series-squads,https://www.espncricinfo.com/player/fayyaz-butt-436749
https://www.espncricinfo.com/series/icc-men-s-t20-world-cup-2021-22-1267897/oman-squad-1276928/series-squads,https://www.espncricinfo.com/player/jatinder-singh-307756
https://www.espncricinfo.com/series/icc-men-s-t20-world-cup-2021-22-1267897/oman-squad-1276928/series-squads,https://www.espncricinfo.com/player/kaleemullah-1077307
https://www.espncricinfo.com/series/icc-men-s-t20-world-cup-2021-22-1267897/oman-squad-1276928/series-squads,https://www.espncricinfo.com/player/khawar-ali-585081
https://www.espncricinfo.com/series/icc-men-s-t20-world-cup-2021-22-1267897/oman-squad-1276928/series-squads,https://www.espncricinfo.com/player/khurram-nawaz-1077309
https://www.espncricinfo.com/series/icc-men-s-t20-world-cup-2021-22-1267897/oman-squad-1276928/series-squads,https://www.espncricinfo.com/player/mohammad-nadeem-41984
https://www.espncricinfo.com/series/icc-men-s-t20-world-cup-2021-22-1267897/oman-squad-1276928/series-squads,https://www.espncricinfo.com/player/naseem-khushi-1077310
https://www.espncricinfo.com/series/icc-men-s-t20-world-cup-2021-22-1267897/oman-squad-1276928/series-squads,https://www.espncricinfo.com/player/sandeep-goud-1174024
https://www.espncricinfo.com/series/icc-men-s-t20-world-cup-2021-22-1267897/oman-squad-1276928/series-squads,https://www.espncricinfo.com/player/sufyan-mehmood-402066
https://www.espncricinfo.com/series/icc-men-s-t20-world-cup-2021-22-1267897/oman-squad-1276928/series-squads,https://www.espncricinfo.com/player/suraj-kumar-1156690
https://www.espncricinfo.com/series/icc-men-s-t20-world-cup-2021-22-1267897/pakistan-squad-1276475/series-squads,https://www.espncricinfo.com/player/babar-azam-348144
https://www.espncricinfo.com/series/icc-men-s-t20-world-cup-2021-22-1267897/pakistan-squad-1276475/series-squads,https://www.espncricinfo.com/player/shadab-khan-922943
https://www.espncricinfo.com/series/icc-men-s-t20-world-cup-2021-22-1267897/pakistan-squad-1276475/series-squads,https://www.espncricinfo.com/player/asif-ali-494230
https://www.espncricinfo.com/series/icc-men-s-t20-world-cup-2021-22-1267897/pakistan-squad-1276475/series-squads,https://www.espncricinfo.com/player/fakhar-zaman-512191
https://www.espncricinfo.com/series/icc-men-s-t20-world-cup-2021-22-1267897/pakistan-squad-1276475/series-squads,https://www.espncricinfo.com/player/haider-ali-1168651
https://www.espncricinfo.com/series/icc-men-s-t20-world-cup-2021-22-1267897/pakistan-squad-1276475/series-squads,https://www.espncricinfo.com/player/haris-rauf-1161606
https://www.espncricinfo.com/series/icc-men-s-t20-world-cup-2021-22-1267897/pakistan-squad-1276475/series-squads,https://www.espncricinfo.com/player/hasan-ali-681305
https://www.espncricinfo.com/series/icc-men-s-t20-world-cup-2021-22-1267897/pakistan-squad-1276475/series-squads,https://www.espncricinfo.com/player/imad-wasim-227758
https://www.espncricinfo.com/series/icc-men-s-t20-world-cup-2021-22-1267897/pakistan-squad-1276475/series-squads,https://www.espncricinfo.com/player/mohammad-hafeez-41434
https://www.espncricinfo.com/series/icc-men-s-t20-world-cup-2021-22-1267897/pakistan-squad-1276475/series-squads,https://www.espncricinfo.com/player/mohammad-nawaz-348148
https://www.espncricinfo.com/series/icc-men-s-t20-world-cup-2021-22-1267897/pakistan-squad-1276475/series-squads,https://www.espncricinfo.com/player/mohammad-rizwan-323389
https://www.espncricinfo.com/series/icc-men-s-t20-world-cup-2021-22-1267897/pakistan-squad-1276475/series-squads,https://www.espncricinfo.com/player/mohammad-wasim-1185538
https://www.espncricinfo.com/series/icc-men-s-t20-world-cup-2021-22-1267897/pakistan-squad-1276475/series-squads,https://www.espncricinfo.com/player/sarfaraz-ahmed-227760
https://www.espncricinfo.com/series/icc-men-s-t20-world-cup-2021-22-1267897/pakistan-squad-1276475/series-squads,https://www.espncricinfo.com/player/shaheen-shah-afridi-1072470
https://www.espncricinfo.com/series/icc-men-s-t20-world-cup-2021-22-1267897/pakistan-squad-1276475/series-squads,https://www.espncricinfo.com/player/shoaib-malik-42657
https://www.espncricinfo.com/series/icc-men-s-t20-world-cup-2021-22-1267897/pakistan-squad-1276475/series-squads,https://www.espncricinfo.com/player/sohaib-maqsood-43266
https://www.espncricinfo.com/series/icc-men-s-t20-world-cup-2021-22-1267897/papua-new-guinea-squad-1274534/series-squads,https://www.espncricinfo.com/player/assad-vala-25056
https://www.espncricinfo.com/series/icc-men-s-t20-world-cup-2021-22-1267897/papua-new-guinea-squad-1274534/series-squads,https://www.espncricinfo.com/player/charles-amini-332980
https://www.espncricinfo.com/series/icc-men-s-t20-world-cup-2021-22-1267897/papua-new-guinea-squad-1274534/series-squads,https://www.espncricinfo.com/player/simon-atai-1115033
https://www.espncricinfo.com/series/icc-men-s-t20-world-cup-2021-22-1267897/papua-new-guinea-squad-1274534/series-squads,https://www.espncricinfo.com/player/sese-bau-420427
https://www.espncricinfo.com/series/icc-men-s-t20-world-cup-2021-22-1267897/papua-new-guinea-squad-1274534/series-squads,https://www.espncricinfo.com/player/kiplin-doriga-646173
https://www.espncricinfo.com/series/icc-men-s-t20-world-cup-2021-22-1267897/papua-new-guinea-squad-1274534/series-squads,https://www.espncricinfo.com/player/hiri-hiri-646175
https://www.espncricinfo.com/series/icc-men-s-t20-world-cup-2021-22-1267897/papua-new-guinea-squad-1274534/series-squads,https://www.espncricinfo.com/player/jason-kila-302875
https://www.espncricinfo.com/series/icc-men-s-t20-world-cup-2021-22-1267897/papua-new-guinea-squad-1274534/series-squads,https://www.espncricinfo.com/player/kabua-morea-524255
https://www.espncricinfo.com/series/icc-men-s-t20-world-cup-2021-22-1267897/papua-new-guinea-squad-1274534/series-squads,https://www.espncricinfo.com/player/nosaina-pokana-646181
https://www.espncricinfo.com/series/icc-men-s-t20-world-cup-2021-22-1267897/papua-new-guinea-squad-1274534/series-squads,https://www.espncricinfo.com/player/damien-ravu-1122557
https://www.espncricinfo.com/series/icc-men-s-t20-world-cup-2021-22-1267897/papua-new-guinea-squad-1274534/series-squads,https://www.espncricinfo.com/player/lega-siaka-440990
https://www.espncricinfo.com/series/icc-men-s-t20-world-cup-2021-22-1267897/papua-new-guinea-squad-1274534/series-squads,https://www.espncricinfo.com/player/chad-soper-574287
https://www.espncricinfo.com/series/icc-men-s-t20-world-cup-2021-22-1267897/papua-new-guinea-squad-1274534/series-squads,https://www.espncricinfo.com/player/gaudi-toka-646191
https://www.espncricinfo.com/series/icc-men-s-t20-world-cup-2021-22-1267897/papua-new-guinea-squad-1274534/series-squads,https://www.espncricinfo.com/player/tony-ura-302845
https://www.espncricinfo.com/series/icc-men-s-t20-world-cup-2021-22-1267897/papua-new-guinea-squad-1274534/series-squads,https://www.espncricinfo.com/player/norman-vanua-524253
https://www.espncricinfo.com/series/icc-men-s-t20-world-cup-2021-22-1267897/australia-squad-1274024/series-squads,https://www.espncricinfo.com/player/aaron-finch-5334
https://www.espncricinfo.com/series/icc-men-s-t20-world-cup-2021-22-1267897/australia-squad-1274024/series-squads,https://www.espncricinfo.com/player/ashton-agar-505120
https://www.espncricinfo.com/series/icc-men-s-t20-world-cup-2021-22-1267897/australia-squad-1274024/series-squads,https://www.espncricinfo.com/player/dan-christian-4864
https://www.espncricinfo.com/series/icc-men-s-t20-world-cup-2021-22-1267897/australia-squad-1274024/series-squads,https://www.espncricinfo.com/player/pat-cummins-489889
https://www.espncricinfo.com/series/icc-men-s-t20-world-cup-2021-22-1267897/australia-squad-1274024/series-squads,https://www.espncricinfo.com/player/nathan-ellis-826915
https://www.espncricinfo.com/series/icc-men-s-t20-world-cup-2021-22-1267897/australia-squad-1274024/series-squads,https://www.espncricinfo.com/player/josh-hazlewood-288284
https://www.espncricinfo.com/series/icc-men-s-t20-world-cup-2021-22-1267897/australia-squad-1274024/series-squads,https://www.espncricinfo.com/player/josh-inglis-662235
https://www.espncricinfo.com/series/icc-men-s-t20-world-cup-2021-22-1267897/australia-squad-1274024/series-squads,https://www.espncricinfo.com/player/mitchell-marsh-272450
https://www.espncricinfo.com/series/icc-men-s-t20-world-cup-2021-22-1267897/australia-squad-1274024/series-squads,https://www.espncricinfo.com/player/glenn-maxwell-325026
https://www.espncricinfo.com/series/icc-men-s-t20-world-cup-2021-22-1267897/australia-squad-1274024/series-squads,https://www.espncricinfo.com/player/kane-richardson-272262
https://www.espncricinfo.com/series/icc-men-s-t20-world-cup-2021-22-1267897/australia-squad-1274024/series-squads,https://www.espncricinfo.com/player/daniel-sams-826901
https://www.espncricinfo.com/series/icc-men-s-t20-world-cup-2021-22-1267897/australia-squad-1274024/series-squads,https://www.espncricinfo.com/player/steven-smith-267192
https://www.espncricinfo.com/series/icc-men-s-t20-world-cup-2021-22-1267897/australia-squad-1274024/series-squads,https://www.espncricinfo.com/player/mitchell-starc-311592
https://www.espncricinfo.com/series/icc-men-s-t20-world-cup-2021-22-1267897/australia-squad-1274024/series-squads,https://www.espncricinfo.com/player/marcus-stoinis-325012
https://www.espncricinfo.com/series/icc-men-s-t20-world-cup-2021-22-1267897/australia-squad-1274024/series-squads,https://www.espncricinfo.com/player/mitchell-swepson-590326
https://www.espncricinfo.com/series/icc-men-s-t20-world-cup-2021-22-1267897/australia-squad-1274024/series-squads,https://www.espncricinfo.com/player/matthew-wade-230193
https://www.espncricinfo.com/series/icc-men-s-t20-world-cup-2021-22-1267897/australia-squad-1274024/series-squads,https://www.espncricinfo.com/player/david-warner-219889
https://www.espncricinfo.com/series/icc-men-s-t20-world-cup-2021-22-1267897/australia-squad-1274024/series-squads,https://www.espncricinfo.com/player/adam-zampa-379504
https://www.espncricinfo.com/series/icc-men-s-t20-world-cup-2021-22-1267897/new-zealand-squad-1272863/series-squads,https://www.espncricinfo.com/player/kane-williamson-277906
https://www.espncricinfo.com/series/icc-men-s-t20-world-cup-2021-22-1267897/new-zealand-squad-1272863/series-squads,https://www.espncricinfo.com/player/todd-astle-213674
https://www.espncricinfo.com/series/icc-men-s-t20-world-cup-2021-22-1267897/new-zealand-squad-1272863/series-squads,https://www.espncricinfo.com/player/trent-boult-277912
https://www.espncricinfo.com/series/icc-men-s-t20-world-cup-2021-22-1267897/new-zealand-squad-1272863/series-squads,https://www.espncricinfo.com/player/mark-chapman-438563
https://www.espncricinfo.com/series/icc-men-s-t20-world-cup-2021-22-1267897/new-zealand-squad-1272863/series-squads,https://www.espncricinfo.com/player/devon-conway-379140
https://www.espncricinfo.com/series/icc-men-s-t20-world-cup-2021-22-1267897/new-zealand-squad-1272863/series-squads,https://www.espncricinfo.com/player/lockie-ferguson-493773
https://www.espncricinfo.com/series/icc-men-s-t20-world-cup-2021-22-1267897/new-zealand-squad-1272863/series-squads,https://www.espncricinfo.com/player/martin-guptill-226492
https://www.espncricinfo.com/series/icc-men-s-t20-world-cup-2021-22-1267897/new-zealand-squad-1272863/series-squads,https://www.espncricinfo.com/player/kyle-jamieson-625960
https://www.espncricinfo.com/series/icc-men-s-t20-world-cup-2021-22-1267897/new-zealand-squad-1272863/series-squads,https://www.espncricinfo.com/player/daryl-mitchell-381743
https://www.espncricinfo.com/series/icc-men-s-t20-world-cup-2021-22-1267897/new-zealand-squad-1272863/series-squads,https://www.espncricinfo.com/player/james-neesham-355269
https://www.espncricinfo.com/series/icc-men-s-t20-world-cup-2021-22-1267897/new-zealand-squad-1272863/series-squads,https://www.espncricinfo.com/player/glenn-phillips-823509
https://www.espncricinfo.com/series/icc-men-s-t20-world-cup-2021-22-1267897/new-zealand-squad-1272863/series-squads,https://www.espncricinfo.com/player/mitchell-santner-502714
https://www.espncricinfo.com/series/icc-men-s-t20-world-cup-2021-22-1267897/new-zealand-squad-1272863/series-squads,https://www.espncricinfo.com/player/tim-seifert-625964
https://www.espncricinfo.com/series/icc-men-s-t20-world-cup-2021-22-1267897/new-zealand-squad-1272863/series-squads,https://www.espncricinfo.com/player/ish-sodhi-559066
https://www.espncricinfo.com/series/icc-men-s-t20-world-cup-2021-22-1267897/new-zealand-squad-1272863/series-squads,https://www.espncricinfo.com/player/tim-southee-232364